Name,Slug,Collection ID,Item ID,Archived,Draft,Created On,Updated On,Published On,Japanese,Image,area,Number of Customer,show,no
Albania,albania,6506f502ce2d9d36a2bb489d,6506f502ce2d9d36a2bb4ad9,false,false,Sun Jan 29 2023 01:12:15 GMT+0000 (Coordinated Universal Time),Sun Jan 29 2023 01:12:15 GMT+0000 (Coordinated Universal Time),Sun Sep 17 2023 17:07:36 GMT+0000 (Coordinated Universal Time),,https://uploads-ssl.webflow.com/605a0d7759eef00cf6446742/63d5c7ef3dc29b8f3da62e0f_610976b8b05b62b9eae408f6_Albania.png,,,false,1
Algeria,algeria,6506f502ce2d9d36a2bb489d,6506f502ce2d9d36a2bb4ad8,false,false,Sun Jan 29 2023 01:12:15 GMT+0000 (Coordinated Universal Time),Thu Oct 02 2025 17:42:12 GMT+0000 (Coordinated Universal Time),Thu Oct 30 2025 05:02:02 GMT+0000 (Coordinated Universal Time),アルジェリア,https://cdn.prod.website-files.com/605a0d7759eef00cf6446742/63d5c7efac199154c1a39b33_61098d41241ebd7442b3e6be_Algeria.png,Africa,1,true,2
Andorra,andorra,6506f502ce2d9d36a2bb489d,6506f502ce2d9d36a2bb4ad7,false,false,Sun Jan 29 2023 01:12:15 GMT+0000 (Coordinated Universal Time),Sun Jan 29 2023 01:12:15 GMT+0000 (Coordinated Universal Time),Sun Sep 17 2023 17:07:36 GMT+0000 (Coordinated Universal Time),,https://uploads-ssl.webflow.com/605a0d7759eef00cf6446742/63d5c7ef61dbe7da6a7f70b2_6109769d2aa694548a9c8140_Andorra.png,,,false,4
Angola,angola,6506f502ce2d9d36a2bb489d,6506f502ce2d9d36a2bb4ad6,false,false,Sun Jan 29 2023 01:12:15 GMT+0000 (Coordinated Universal Time),Sat Nov 23 2024 17:46:35 GMT+0000 (Coordinated Universal Time),Sat Nov 23 2024 17:51:35 GMT+0000 (Coordinated Universal Time),アンゴラ,https://cdn.prod.website-files.com/605a0d7759eef00cf6446742/63d5c7ef3dc29b74aea62e10_610976b9e47327e752cc387c_Angola.png,Africa,1,true,5
Argentina,argentina,6506f502ce2d9d36a2bb489d,6506f502ce2d9d36a2bb4ada,false,false,Sun Jan 29 2023 01:12:15 GMT+0000 (Coordinated Universal Time),Sun Jan 29 2023 01:12:15 GMT+0000 (Coordinated Universal Time),Sun Sep 17 2023 17:07:36 GMT+0000 (Coordinated Universal Time),,https://uploads-ssl.webflow.com/605a0d7759eef00cf6446742/63d5c7eff7e09bb6fd321513_610976c182f03d98d1a3c043_Argentina.png,,,false,8
Armenia,armenia,6506f502ce2d9d36a2bb489d,6506f502ce2d9d36a2bb4adb,false,false,Sun Jan 29 2023 01:12:15 GMT+0000 (Coordinated Universal Time),Sun Jan 29 2023 01:12:15 GMT+0000 (Coordinated Universal Time),Sun Sep 17 2023 17:07:36 GMT+0000 (Coordinated Universal Time),,https://uploads-ssl.webflow.com/605a0d7759eef00cf6446742/63d5c7ef026df895bd1992af_610976a6ba1bc73d75e48e95_Armenia.png,,,false,9
Australia,australia,6506f502ce2d9d36a2bb489d,6506f502ce2d9d36a2bb4adc,false,false,Sun Jan 29 2023 01:12:16 GMT+0000 (Coordinated Universal Time),Sat Jul 05 2025 04:16:24 GMT+0000 (Coordinated Universal Time),Tue Jul 29 2025 11:15:02 GMT+0000 (Coordinated Universal Time),オーストラリア,https://cdn.prod.website-files.com/605a0d7759eef00cf6446742/63d5c7f03933d1ac8b7035fa_610976c78eaf456a9b3b5da2_Australia.png,South Asia,14,true,11
Austria,austria,6506f502ce2d9d36a2bb489d,6506f502ce2d9d36a2bb4add,false,false,Sun Jan 29 2023 01:12:16 GMT+0000 (Coordinated Universal Time),Sat Oct 26 2024 08:41:41 GMT+0000 (Coordinated Universal Time),Sat Oct 26 2024 08:43:07 GMT+0000 (Coordinated Universal Time),オーストリア,https://cdn.prod.website-files.com/605a0d7759eef00cf6446742/63d5c7f0523677bd0024dd0b_610976abc26bb04ec422dfd1_Austria.png,Europe,1,true,12
Azerbaijan,azerbaijan,6506f502ce2d9d36a2bb489d,6506f502ce2d9d36a2bb4ade,false,false,Sun Jan 29 2023 01:12:16 GMT+0000 (Coordinated Universal Time),Sat Jul 05 2025 09:51:21 GMT+0000 (Coordinated Universal Time),Tue Jul 29 2025 11:15:02 GMT+0000 (Coordinated Universal Time),アゼルバイジャン,https://cdn.prod.website-files.com/605a0d7759eef00cf6446742/63d5c7f00f220405609337c6_61098d40524c2f399b39892b_Azerbajian.png,East Asia,1,true,13
Bahrain,bahrain,6506f502ce2d9d36a2bb489d,6506f502ce2d9d36a2bb4adf,false,false,Sun Jan 29 2023 01:12:16 GMT+0000 (Coordinated Universal Time),Sat Mar 18 2023 15:47:37 GMT+0000 (Coordinated Universal Time),Sun Sep 17 2023 17:07:36 GMT+0000 (Coordinated Universal Time),バーレーン,https://uploads-ssl.webflow.com/605a0d7759eef00cf6446742/63d5c7f00f22040bbe9337c7_610976bde2987861872ef8b4_Bahrain.png,West Asia,1,true,15
Bangladesh,bangladesh,6506f502ce2d9d36a2bb489d,6506f502ce2d9d36a2bb4ae0,false,false,Sun Jan 29 2023 01:12:16 GMT+0000 (Coordinated Universal Time),Thu Oct 02 2025 17:44:32 GMT+0000 (Coordinated Universal Time),Thu Oct 30 2025 05:02:02 GMT+0000 (Coordinated Universal Time),バングラデシュ,https://cdn.prod.website-files.com/605a0d7759eef00cf6446742/63d777f29c1d376786504360_bangladesh.png,South Asia,10,true,16
Barbados,barbados,6506f502ce2d9d36a2bb489d,6506f502ce2d9d36a2bb4ae1,false,false,Sun Jan 29 2023 01:12:16 GMT+0000 (Coordinated Universal Time),Sun Jan 29 2023 01:12:16 GMT+0000 (Coordinated Universal Time),Sun Sep 17 2023 17:07:36 GMT+0000 (Coordinated Universal Time),,https://uploads-ssl.webflow.com/605a0d7759eef00cf6446742/63d5c7f03dc29b7e92a62ece_610976b211cafa13977af731_Barbados.png,,,false,17
Belarus,belarus,6506f502ce2d9d36a2bb489d,6506f502ce2d9d36a2bb4ae2,false,false,Sun Jan 29 2023 01:12:17 GMT+0000 (Coordinated Universal Time),Sun Jan 29 2023 01:12:17 GMT+0000 (Coordinated Universal Time),Sun Sep 17 2023 17:07:36 GMT+0000 (Coordinated Universal Time),,https://uploads-ssl.webflow.com/605a0d7759eef00cf6446742/63d5c7f0874a87d912c95014_610976a15223416f50bac66a_Belarus.png,,,false,18
Belgium,belgium,6506f502ce2d9d36a2bb489d,6506f502ce2d9d36a2bb4ae3,false,false,Sun Jan 29 2023 01:12:17 GMT+0000 (Coordinated Universal Time),Sun Jan 29 2023 01:29:21 GMT+0000 (Coordinated Universal Time),Sun Sep 17 2023 17:07:36 GMT+0000 (Coordinated Universal Time),ベルギー,https://uploads-ssl.webflow.com/605a0d7759eef00cf6446742/63d5c7f103d12a7d2624c908_610976c91238c3831bc9d757_Belgium.png,Europe,1,true,19
Bhutan,bhutan,6506f502ce2d9d36a2bb489d,6506f502ce2d9d36a2bb4ae4,false,false,Sun Jan 29 2023 01:12:17 GMT+0000 (Coordinated Universal Time),Sun Jan 29 2023 01:12:17 GMT+0000 (Coordinated Universal Time),Sun Sep 17 2023 17:07:36 GMT+0000 (Coordinated Universal Time),,https://uploads-ssl.webflow.com/605a0d7759eef00cf6446742/63d5c7f1456118edea7075f2_610976bd3909614010d97f1a_Bhutan.png,,,false,22
Bolivia,bolivia,6506f502ce2d9d36a2bb489d,6506f502ce2d9d36a2bb4ae7,false,false,Sun Jan 29 2023 01:12:17 GMT+0000 (Coordinated Universal Time),Sun Jan 29 2023 01:12:17 GMT+0000 (Coordinated Universal Time),Sun Sep 17 2023 17:07:36 GMT+0000 (Coordinated Universal Time),,https://uploads-ssl.webflow.com/605a0d7759eef00cf6446742/63d5c7f13dc29b9bdda62f0a_6109769b4e19469bcc8f5c5e_Bolivia.png,,,false,23
Bosnia Herzegovina,bosnia-and-herzegovina,6506f502ce2d9d36a2bb489d,6506f502ce2d9d36a2bb4ae6,false,false,Sun Jan 29 2023 01:12:17 GMT+0000 (Coordinated Universal Time),Sun Jan 29 2023 01:12:17 GMT+0000 (Coordinated Universal Time),Sun Sep 17 2023 17:07:36 GMT+0000 (Coordinated Universal Time),,https://uploads-ssl.webflow.com/605a0d7759eef00cf6446742/63d5c7f13933d192337035fd_610976ba5c514d44c6f2d57e_BosniaHerzegovina.png,,,false,24
Brazil,brazil,6506f502ce2d9d36a2bb489d,6506f502ce2d9d36a2bb4ae8,false,false,Sun Jan 29 2023 01:12:17 GMT+0000 (Coordinated Universal Time),Fri Aug 15 2025 16:32:21 GMT+0000 (Coordinated Universal Time),Sun Sep 28 2025 09:41:02 GMT+0000 (Coordinated Universal Time),ブラジル,https://cdn.prod.website-files.com/605a0d7759eef00cf6446742/63d5c7f1103cc01304355e43_610976afe7b3b7727c3c65cb_Brazil.png,Europe,2,true,26
Brunei,brunei-darussalam,6506f502ce2d9d36a2bb489d,6506f502ce2d9d36a2bb4ae9,false,false,Sun Jan 29 2023 01:12:17 GMT+0000 (Coordinated Universal Time),Sun Jan 29 2023 01:12:17 GMT+0000 (Coordinated Universal Time),Sun Sep 17 2023 17:07:36 GMT+0000 (Coordinated Universal Time),,https://uploads-ssl.webflow.com/605a0d7759eef00cf6446742/63d5c7f145611871cc7075f5_610976c1b133c5519860f850_Brunei.png,,,false,27
Bulgaria,bulgaria,6506f502ce2d9d36a2bb489d,6506f502ce2d9d36a2bb4aeb,false,false,Sun Jan 29 2023 01:12:18 GMT+0000 (Coordinated Universal Time),Fri Jun 27 2025 01:29:37 GMT+0000 (Coordinated Universal Time),Tue Jul 29 2025 11:15:02 GMT+0000 (Coordinated Universal Time),ブルガリア,https://cdn.prod.website-files.com/605a0d7759eef00cf6446742/63d5c7f103d12a061724c90c_610976bfbc36a2e5677967b3_Bulgaria.png,Europe,1,true,28
Cambodia,cambodia,6506f502ce2d9d36a2bb489d,6506f502ce2d9d36a2bb4aea,false,false,Sun Jan 29 2023 01:12:18 GMT+0000 (Coordinated Universal Time),Mon Jan 30 2023 06:22:49 GMT+0000 (Coordinated Universal Time),Sun Sep 17 2023 17:07:36 GMT+0000 (Coordinated Universal Time),カンボジア,https://uploads-ssl.webflow.com/605a0d7759eef00cf6446742/63d5c7f1ac19911206a39b51_610976a9bf0f2ef4e46914f1_Cambodia.png,South East Asia,2,true,31
Cameroon,cameroon,6506f502ce2d9d36a2bb489d,6506f502ce2d9d36a2bb4aec,false,false,Sun Jan 29 2023 01:12:18 GMT+0000 (Coordinated Universal Time),Sun Jan 29 2023 01:12:18 GMT+0000 (Coordinated Universal Time),Sun Sep 17 2023 17:07:36 GMT+0000 (Coordinated Universal Time),,https://uploads-ssl.webflow.com/605a0d7759eef00cf6446742/63d5c7f261dbe701b87f70bb_610976aa6f7589174f6fc0eb_Cameron.png,,,false,32
Canada,canada,6506f502ce2d9d36a2bb489d,6506f502ce2d9d36a2bb4aed,false,false,Sun Jan 29 2023 01:12:18 GMT+0000 (Coordinated Universal Time),Thu Oct 02 2025 17:39:06 GMT+0000 (Coordinated Universal Time),Thu Oct 30 2025 05:02:02 GMT+0000 (Coordinated Universal Time),カナダ,https://cdn.prod.website-files.com/605a0d7759eef00cf6446742/63d5c7f2ac1991ccbba39b54_610976c0432bf4a879bd771a_Canada.png,Europe,7,true,33
Catalonia,catalonia,6506f502ce2d9d36a2bb489d,6506f502ce2d9d36a2bb4aee,false,false,Sun Jan 29 2023 01:12:18 GMT+0000 (Coordinated Universal Time),Sun Jan 29 2023 01:12:18 GMT+0000 (Coordinated Universal Time),Sun Sep 17 2023 17:07:36 GMT+0000 (Coordinated Universal Time),,https://uploads-ssl.webflow.com/605a0d7759eef00cf6446742/63d5c7f2d4b439857a0c485c_610976adae0f72fd3300c3b1_Catalonia.png,,,false,35
Central African Republic,central-african-republic,6506f502ce2d9d36a2bb489d,6506f502ce2d9d36a2bb4aef,false,false,Sun Jan 29 2023 01:12:18 GMT+0000 (Coordinated Universal Time),Sun Jan 29 2023 01:12:18 GMT+0000 (Coordinated Universal Time),Sun Sep 17 2023 17:07:36 GMT+0000 (Coordinated Universal Time),,https://uploads-ssl.webflow.com/605a0d7759eef00cf6446742/63d5c7f23dcdc2001d372cb4_610976b405cc8c1d44cf93ae_CentralAfricanRepublic.png,,,false,36
Chad,chad,6506f502ce2d9d36a2bb489d,6506f502ce2d9d36a2bb4af1,false,false,Sun Jan 29 2023 01:12:18 GMT+0000 (Coordinated Universal Time),Sun Jan 29 2023 01:12:18 GMT+0000 (Coordinated Universal Time),Sun Sep 17 2023 17:07:36 GMT+0000 (Coordinated Universal Time),,https://uploads-ssl.webflow.com/605a0d7759eef00cf6446742/63d5c7f245611862c1707604_6109769ada52233a6b4c955c_Chad.png,,,false,37
Chile,chile,6506f502ce2d9d36a2bb489d,6506f502ce2d9d36a2bb4af0,false,false,Sun Jan 29 2023 01:12:18 GMT+0000 (Coordinated Universal Time),Sat Nov 22 2025 23:11:55 GMT+0000 (Coordinated Universal Time),Thu Dec 04 2025 08:00:52 GMT+0000 (Coordinated Universal Time),チリ,https://cdn.prod.website-files.com/605a0d7759eef00cf6446742/63d5c7f2aac0bedef934fafd_610976c240e6d41ce9ccdf40_Chile.png,Europe,1,true,38
China,china,6506f502ce2d9d36a2bb489d,6506f502ce2d9d36a2bb4af2,false,false,Sun Jan 29 2023 01:12:18 GMT+0000 (Coordinated Universal Time),Sat Jul 13 2024 19:42:50 GMT+0000 (Coordinated Universal Time),Sat Jul 13 2024 19:43:13 GMT+0000 (Coordinated Universal Time),中国,https://uploads-ssl.webflow.com/605a0d7759eef00cf6446742/63d5c7f29eb1ee11e46b2f09_610976aec440c14586a4ef55_China.png,East Asia,5,true,39
Colombia,colombia,6506f502ce2d9d36a2bb489d,6506f502ce2d9d36a2bb4af3,false,false,Sun Jan 29 2023 01:12:19 GMT+0000 (Coordinated Universal Time),Sat Nov 22 2025 23:09:25 GMT+0000 (Coordinated Universal Time),Thu Dec 04 2025 08:00:52 GMT+0000 (Coordinated Universal Time),コロンビア,https://cdn.prod.website-files.com/605a0d7759eef00cf6446742/63d5c7f29eb1ee69ce6b2f0a_610976a64675972159bb71ac_Colombia.png,Europe,4,true,40
Costa Rica,costa-rica,6506f502ce2d9d36a2bb489d,6506f502ce2d9d36a2bb4af4,false,false,Sun Jan 29 2023 01:12:19 GMT+0000 (Coordinated Universal Time),Sun Jan 29 2023 01:12:19 GMT+0000 (Coordinated Universal Time),Sun Sep 17 2023 17:07:36 GMT+0000 (Coordinated Universal Time),,https://uploads-ssl.webflow.com/605a0d7759eef00cf6446742/63d5c7f3357f4a51431e28ca_610976b74334594c4f3f5f7d_CostaRica.png,,,false,42
Côte D'Ivoire,cote-d-ivoire,6506f502ce2d9d36a2bb489d,6506f502ce2d9d36a2bb4af5,false,false,Sun Jan 29 2023 01:12:19 GMT+0000 (Coordinated Universal Time),Sun Jan 29 2023 01:12:19 GMT+0000 (Coordinated Universal Time),Sun Sep 17 2023 17:07:36 GMT+0000 (Coordinated Universal Time),,https://uploads-ssl.webflow.com/605a0d7759eef00cf6446742/63d5c7f3050b76483eab2aee_6109769cf890364904a5cb12_CoteDIvoire.png,,,false,43
Croatia,croatia,6506f502ce2d9d36a2bb489d,6506f502ce2d9d36a2bb4af6,false,false,Sun Jan 29 2023 01:12:19 GMT+0000 (Coordinated Universal Time),Sun Jan 29 2023 01:12:19 GMT+0000 (Coordinated Universal Time),Sun Sep 17 2023 17:07:36 GMT+0000 (Coordinated Universal Time),,https://uploads-ssl.webflow.com/605a0d7759eef00cf6446742/63d5c7f345611876fa707607_610976beba807455201c5ae5_Croatia.png,,,false,44
Czech,czech-republic,6506f502ce2d9d36a2bb489d,6506f502ce2d9d36a2bb4af9,false,false,Sun Jan 29 2023 01:12:19 GMT+0000 (Coordinated Universal Time),Sun Jan 29 2023 01:12:19 GMT+0000 (Coordinated Universal Time),Sun Sep 17 2023 17:07:36 GMT+0000 (Coordinated Universal Time),,https://uploads-ssl.webflow.com/605a0d7759eef00cf6446742/63d5c7f3050b766688ab2af1_610976c4161fd55a5b62a37b_CzechRepublic.png,,,false,47
Congo,demecratic-republic-of-the-congo,6506f502ce2d9d36a2bb489d,6506f502ce2d9d36a2bb4af7,false,false,Sun Jan 29 2023 01:12:19 GMT+0000 (Coordinated Universal Time),Sun Jan 29 2023 01:12:19 GMT+0000 (Coordinated Universal Time),Sun Sep 17 2023 17:07:36 GMT+0000 (Coordinated Universal Time),,https://uploads-ssl.webflow.com/605a0d7759eef00cf6446742/63d5c7f3d8cef906a9d458ae_610976acb8d379ce157224eb_DemecraticRepublicoftheCongo.png,,,false,48
Denmark,denmark,6506f502ce2d9d36a2bb489d,6506f502ce2d9d36a2bb4af8,false,false,Sun Jan 29 2023 01:12:19 GMT+0000 (Coordinated Universal Time),Sun Jan 29 2023 01:12:19 GMT+0000 (Coordinated Universal Time),Sun Sep 17 2023 17:07:36 GMT+0000 (Coordinated Universal Time),,https://uploads-ssl.webflow.com/605a0d7759eef00cf6446742/63d5c7f3d4b4396e170c485f_610976b5432bf423a1bd6cd2_Denmark.png,,,false,50
Djibouti,djibouti,6506f502ce2d9d36a2bb489d,6506f502ce2d9d36a2bb4afa,false,false,Sun Jan 29 2023 01:12:20 GMT+0000 (Coordinated Universal Time),Sun Jan 29 2023 01:12:20 GMT+0000 (Coordinated Universal Time),Sun Sep 17 2023 17:07:36 GMT+0000 (Coordinated Universal Time),,https://uploads-ssl.webflow.com/605a0d7759eef00cf6446742/63d5c7f40f2204111a933813_610976a16f351a54e00531e5_Djibouti.png,,,false,51
Dominican Republic,dominican-republic,6506f502ce2d9d36a2bb489d,6506f502ce2d9d36a2bb4afb,false,false,Sun Jan 29 2023 01:12:20 GMT+0000 (Coordinated Universal Time),Sun Jan 29 2023 01:12:20 GMT+0000 (Coordinated Universal Time),Sun Sep 17 2023 17:07:36 GMT+0000 (Coordinated Universal Time),,https://uploads-ssl.webflow.com/605a0d7759eef00cf6446742/63d5c7f461dbe765057f70bf_61098d40b8d37900fe7ccfda_DominicanRepublic.png,,,false,53
Ecuador,ecuador,6506f502ce2d9d36a2bb489d,6506f502ce2d9d36a2bb4afc,false,false,Sun Jan 29 2023 01:12:20 GMT+0000 (Coordinated Universal Time),Sun Jan 29 2023 01:12:20 GMT+0000 (Coordinated Universal Time),Sun Sep 17 2023 17:07:36 GMT+0000 (Coordinated Universal Time),,https://uploads-ssl.webflow.com/605a0d7759eef00cf6446742/63d5c7f43933d1809d70360d_610976be2afb7d96198ef6bd_Ecuador.png,,,false,54
Egypt,egypt,6506f502ce2d9d36a2bb489d,6506f502ce2d9d36a2bb4afe,false,false,Sun Jan 29 2023 01:12:20 GMT+0000 (Coordinated Universal Time),Sat Sep 14 2024 02:18:01 GMT+0000 (Coordinated Universal Time),Sat Sep 14 2024 02:18:05 GMT+0000 (Coordinated Universal Time),エジプト,https://cdn.prod.website-files.com/605a0d7759eef00cf6446742/63d5c7f4523677c2be24dd28_610976c8ba807463631c605e_Egypt.png,Africa,4,true,55
El Salvador,el-salvador,6506f502ce2d9d36a2bb489d,6506f502ce2d9d36a2bb4afd,false,false,Sun Jan 29 2023 01:12:20 GMT+0000 (Coordinated Universal Time),Sun Jan 29 2023 01:12:20 GMT+0000 (Coordinated Universal Time),Sun Sep 17 2023 17:07:36 GMT+0000 (Coordinated Universal Time),,https://uploads-ssl.webflow.com/605a0d7759eef00cf6446742/63d5c7f43dc29b5e16a62f41_610976b33d365a28d2cecf3c_ElSalvador.png,,,false,56
England,england,6506f502ce2d9d36a2bb489d,6506f502ce2d9d36a2bb4aff,false,false,Sun Jan 29 2023 01:12:20 GMT+0000 (Coordinated Universal Time),Wed Aug 13 2025 06:36:50 GMT+0000 (Coordinated Universal Time),Sun Sep 28 2025 09:41:02 GMT+0000 (Coordinated Universal Time),UK,https://cdn.prod.website-files.com/605a0d7759eef00cf6446742/63d5c7f4684108649aca65b7_610976bca924105e3e1d1ec3_England.png,Europe,5,false,57
Equatorial Guinea,equatorial-guinea,6506f502ce2d9d36a2bb489d,6506f502ce2d9d36a2bb4b00,false,false,Sun Jan 29 2023 01:12:20 GMT+0000 (Coordinated Universal Time),Sun Jan 29 2023 01:12:20 GMT+0000 (Coordinated Universal Time),Sun Sep 17 2023 17:07:36 GMT+0000 (Coordinated Universal Time),,https://uploads-ssl.webflow.com/605a0d7759eef00cf6446742/63d5c7f4b0a17e2e62eb41ec_610976cbb9719291b4c254bf_EquatorialGuinea.png,,,false,58
Eritrea,eritrea,6506f502ce2d9d36a2bb489d,6506f502ce2d9d36a2bb4b01,false,false,Sun Jan 29 2023 01:12:21 GMT+0000 (Coordinated Universal Time),Sun Jan 29 2023 01:12:21 GMT+0000 (Coordinated Universal Time),Sun Sep 17 2023 17:07:36 GMT+0000 (Coordinated Universal Time),,https://uploads-ssl.webflow.com/605a0d7759eef00cf6446742/63d5c7f4357f4af68a1e2956_610976a2e6655017a7d6942b_Eritrea.png,,,false,59
Estonia,estonia,6506f502ce2d9d36a2bb489d,6506f502ce2d9d36a2bb4b02,false,false,Sun Jan 29 2023 01:12:21 GMT+0000 (Coordinated Universal Time),Sun Jan 29 2023 01:12:21 GMT+0000 (Coordinated Universal Time),Sun Sep 17 2023 17:07:36 GMT+0000 (Coordinated Universal Time),,https://uploads-ssl.webflow.com/605a0d7759eef00cf6446742/63d5c7f5f7e09b4a31321576_610976c7797b8d3e4a3ed16c_Estonia.png,,,false,60
Ethiopia,ethiopia,6506f502ce2d9d36a2bb489d,6506f502ce2d9d36a2bb4b03,false,false,Sun Jan 29 2023 01:12:21 GMT+0000 (Coordinated Universal Time),Sun Jan 29 2023 01:12:21 GMT+0000 (Coordinated Universal Time),Sun Sep 17 2023 17:07:36 GMT+0000 (Coordinated Universal Time),,https://uploads-ssl.webflow.com/605a0d7759eef00cf6446742/63d5c7f59eb1ee81ed6b2f63_61098d3fefb8da4835c65c9b_Ethiopia.png,,,false,61
Micronesia,federated-states-of-micronesia,6506f502ce2d9d36a2bb489d,6506f502ce2d9d36a2bb4b04,false,false,Sun Jan 29 2023 01:12:21 GMT+0000 (Coordinated Universal Time),Sun Jan 29 2023 01:12:21 GMT+0000 (Coordinated Universal Time),Sun Sep 17 2023 17:07:36 GMT+0000 (Coordinated Universal Time),,https://uploads-ssl.webflow.com/605a0d7759eef00cf6446742/63d5c7f5b0a17edf42eb41ef_610976b1c440c14a8ca4f5e6_Micronesia.png,,,false,63
Fiji,fiji,6506f502ce2d9d36a2bb489d,6506f502ce2d9d36a2bb4b05,false,false,Sun Jan 29 2023 01:12:21 GMT+0000 (Coordinated Universal Time),Sun Jan 29 2023 01:12:21 GMT+0000 (Coordinated Universal Time),Sun Sep 17 2023 17:07:36 GMT+0000 (Coordinated Universal Time),,https://uploads-ssl.webflow.com/605a0d7759eef00cf6446742/63d5c7f5103cc0ff44355e53_610976a83ad7086da97ce8ad_Fiji.png,,,false,64
Finland,finland,6506f502ce2d9d36a2bb489d,6506f502ce2d9d36a2bb4b07,false,false,Sun Jan 29 2023 01:12:21 GMT+0000 (Coordinated Universal Time),Sun Jan 29 2023 01:12:21 GMT+0000 (Coordinated Universal Time),Sun Sep 17 2023 17:07:36 GMT+0000 (Coordinated Universal Time),,https://uploads-ssl.webflow.com/605a0d7759eef00cf6446742/63d5c7f5684108e120ca65be_610976ca594229534d697bf7_Finland.png,,,false,65
France,france,6506f502ce2d9d36a2bb489d,6506f502ce2d9d36a2bb4b08,false,false,Sun Jan 29 2023 01:12:22 GMT+0000 (Coordinated Universal Time),Fri Apr 25 2025 05:21:08 GMT+0000 (Coordinated Universal Time),Fri Apr 25 2025 05:21:08 GMT+0000 (Coordinated Universal Time),フランス,https://cdn.prod.website-files.com/605a0d7759eef00cf6446742/63d5c7f5050b765cb9ab2af5_61098ac75c22227f3cea8b23_France.png,Europe,6,true,66
Gabon,gabon,6506f502ce2d9d36a2bb489d,6506f502ce2d9d36a2bb4b0b,false,false,Sun Jan 29 2023 01:12:22 GMT+0000 (Coordinated Universal Time),Sun Jan 29 2023 01:12:22 GMT+0000 (Coordinated Universal Time),Sun Sep 17 2023 17:07:36 GMT+0000 (Coordinated Universal Time),,https://uploads-ssl.webflow.com/605a0d7759eef00cf6446742/63d5c7f6684108cbd3ca65c2_61098ac69b7c90581c3a7698_Gabon.png,,,false,67
Gambia,gambia,6506f502ce2d9d36a2bb489d,6506f502ce2d9d36a2bb4b09,false,false,Sun Jan 29 2023 01:12:22 GMT+0000 (Coordinated Universal Time),Sun Jan 29 2023 01:12:22 GMT+0000 (Coordinated Universal Time),Sun Sep 17 2023 17:07:36 GMT+0000 (Coordinated Universal Time),,https://uploads-ssl.webflow.com/605a0d7759eef00cf6446742/63d5c7f503886e16f2c8f87b_61098f2dbc36a20669837420_TheGambia.png,,,false,68
Georgia,georgia,6506f502ce2d9d36a2bb489d,6506f502ce2d9d36a2bb4b0a,false,false,Sun Jan 29 2023 01:12:22 GMT+0000 (Coordinated Universal Time),Sat Nov 22 2025 23:16:22 GMT+0000 (Coordinated Universal Time),Thu Dec 04 2025 08:00:52 GMT+0000 (Coordinated Universal Time),ジョージア,https://cdn.prod.website-files.com/605a0d7759eef00cf6446742/63d5c7f6050b76259aab2af8_61098ae55c22220646ea9cba_Georgia.png,East Asia,1,true,69
Germany,germany,6506f502ce2d9d36a2bb489d,6506f502ce2d9d36a2bb4b0c,false,false,Sun Jan 29 2023 01:12:22 GMT+0000 (Coordinated Universal Time),Sun Jan 29 2023 01:12:22 GMT+0000 (Coordinated Universal Time),Sun Sep 17 2023 17:07:36 GMT+0000 (Coordinated Universal Time),,https://uploads-ssl.webflow.com/605a0d7759eef00cf6446742/63d5c7f6f7e09b22ab321579_61098abd1e682e667fc9134b_Germany.png,,,false,70
Ghana,ghana,6506f502ce2d9d36a2bb489d,6506f502ce2d9d36a2bb4b0d,false,false,Sun Jan 29 2023 01:12:22 GMT+0000 (Coordinated Universal Time),Sun Jan 29 2023 01:12:22 GMT+0000 (Coordinated Universal Time),Sun Sep 17 2023 17:07:36 GMT+0000 (Coordinated Universal Time),,https://uploads-ssl.webflow.com/605a0d7759eef00cf6446742/63d5c7f65236774fe624dd38_61098adf9b7c9062073a93b1_Ghana.png,,,false,71
Greece,greece,6506f502ce2d9d36a2bb489d,6506f502ce2d9d36a2bb4b0f,false,false,Sun Jan 29 2023 01:12:22 GMT+0000 (Coordinated Universal Time),Fri Jun 27 2025 08:54:33 GMT+0000 (Coordinated Universal Time),Tue Jul 29 2025 11:15:02 GMT+0000 (Coordinated Universal Time),ギリシャ,https://cdn.prod.website-files.com/605a0d7759eef00cf6446742/63d5c7f63933d17bd7703615_61098ad21e682eae47c924ad_Greece.png,Europe,3,true,73
Guinea,guinea,6506f502ce2d9d36a2bb489d,6506f502ce2d9d36a2bb4b0e,false,false,Sun Jan 29 2023 01:12:22 GMT+0000 (Coordinated Universal Time),Sun Jan 29 2023 01:12:22 GMT+0000 (Coordinated Universal Time),Sun Sep 17 2023 17:07:36 GMT+0000 (Coordinated Universal Time),,https://uploads-ssl.webflow.com/605a0d7759eef00cf6446742/63d5c7f6d8cef96b66d458b5_61098f3abf0f2e4336727fb5_Guinea.png,,,false,77
Guinea-Bissau,guinea-bissau,6506f502ce2d9d36a2bb489d,6506f502ce2d9d36a2bb4b10,false,false,Sun Jan 29 2023 01:12:23 GMT+0000 (Coordinated Universal Time),Sun Jan 29 2023 01:12:23 GMT+0000 (Coordinated Universal Time),Sun Sep 17 2023 17:07:36 GMT+0000 (Coordinated Universal Time),,https://uploads-ssl.webflow.com/605a0d7759eef00cf6446742/63d5c7f6aac0be659c34fb05_61098abb4079e7bb0640d396_Guinea-Bissau.png,,,false,78
Haiti,haiti,6506f502ce2d9d36a2bb489d,6506f502ce2d9d36a2bb4b12,false,false,Sun Jan 29 2023 01:12:23 GMT+0000 (Coordinated Universal Time),Sun Jan 29 2023 01:12:23 GMT+0000 (Coordinated Universal Time),Sun Sep 17 2023 17:07:36 GMT+0000 (Coordinated Universal Time),,https://uploads-ssl.webflow.com/605a0d7759eef00cf6446742/63d5c7f6d8cef97458d458b8_61098f420a539f081bab65d4_Haiti.png,,,false,80
Honduras,honduras,6506f502ce2d9d36a2bb489d,6506f502ce2d9d36a2bb4b11,false,false,Sun Jan 29 2023 01:12:23 GMT+0000 (Coordinated Universal Time),Sun Jan 29 2023 01:12:23 GMT+0000 (Coordinated Universal Time),Sun Sep 17 2023 17:07:36 GMT+0000 (Coordinated Universal Time),,https://uploads-ssl.webflow.com/605a0d7759eef00cf6446742/63d5c7f6b0a17e65e4eb41f6_61098f35895352ec1f5593a3_Honduras.png,,,false,81
Hong Kong,hong-kong,6506f502ce2d9d36a2bb489d,6506f502ce2d9d36a2bb4b13,false,false,Sun Jan 29 2023 01:12:23 GMT+0000 (Coordinated Universal Time),Sat Nov 22 2025 23:09:52 GMT+0000 (Coordinated Universal Time),Thu Dec 04 2025 08:00:52 GMT+0000 (Coordinated Universal Time),香港,https://cdn.prod.website-files.com/605a0d7759eef00cf6446742/63d5c7f7b0a17e5a81eb41f9_61098acdd9be6a4fa757605a_HongKong.png,East Asia,13,true,82
Hungary,hungary,6506f502ce2d9d36a2bb489d,6506f502ce2d9d36a2bb4b15,false,false,Sun Jan 29 2023 01:12:23 GMT+0000 (Coordinated Universal Time),Sat Dec 14 2024 11:42:02 GMT+0000 (Coordinated Universal Time),Sat Dec 14 2024 11:42:02 GMT+0000 (Coordinated Universal Time),ハンガリー,https://cdn.prod.website-files.com/605a0d7759eef00cf6446742/63d5c7f76f089eeb41a90765_61098ae04241af69929a11e5_Hungary.png,Europe,2,true,83
Iceland,iceland,6506f502ce2d9d36a2bb489d,6506f502ce2d9d36a2bb4b14,false,false,Sun Jan 29 2023 01:12:23 GMT+0000 (Coordinated Universal Time),Sun Jan 29 2023 01:12:23 GMT+0000 (Coordinated Universal Time),Sun Sep 17 2023 17:07:36 GMT+0000 (Coordinated Universal Time),,https://uploads-ssl.webflow.com/605a0d7759eef00cf6446742/63d5c7f7874a87778fc95031_61098ad7322fb569e05c3712_Iceland.png,,,false,84
India,india,6506f502ce2d9d36a2bb489d,6506f502ce2d9d36a2bb4b16,false,false,Sun Jan 29 2023 01:12:23 GMT+0000 (Coordinated Universal Time),Thu Oct 02 2025 17:42:48 GMT+0000 (Coordinated Universal Time),Thu Oct 30 2025 05:02:02 GMT+0000 (Coordinated Universal Time),インド,https://cdn.prod.website-files.com/605a0d7759eef00cf6446742/63d5c7f7d8cef9979cd458bb_61098ae56f758932fe7ddf55_India.png,South Asia,31,true,85
Indonesia,indonesia,6506f502ce2d9d36a2bb489d,6506f502ce2d9d36a2bb4b17,false,false,Sun Jan 29 2023 01:12:23 GMT+0000 (Coordinated Universal Time),Thu Oct 02 2025 17:43:13 GMT+0000 (Coordinated Universal Time),Thu Oct 30 2025 05:02:02 GMT+0000 (Coordinated Universal Time),インドネシア,https://cdn.prod.website-files.com/605a0d7759eef00cf6446742/63d5c7f73dcdc293e9372cbc_61098f2f649bdfe6cc6d9afd_Indonesia.png,South East Asia,50,true,86
Ireland,ireland,6506f502ce2d9d36a2bb489d,6506f502ce2d9d36a2bb4b18,false,false,Sun Jan 29 2023 01:12:24 GMT+0000 (Coordinated Universal Time),Thu Aug 14 2025 10:18:01 GMT+0000 (Coordinated Universal Time),Sun Sep 28 2025 09:41:02 GMT+0000 (Coordinated Universal Time),アイルランド,https://cdn.prod.website-files.com/605a0d7759eef00cf6446742/63d5c7f8b0a17ea360eb41fc_61098f4131c7967fbaa445a2_Ireland.png,Europe,1,true,88
Israel,israel,6506f502ce2d9d36a2bb489d,6506f502ce2d9d36a2bb4b1f,false,false,Sun Jan 29 2023 01:12:25 GMT+0000 (Coordinated Universal Time),Sun Jan 29 2023 01:12:25 GMT+0000 (Coordinated Universal Time),Sun Sep 17 2023 17:07:36 GMT+0000 (Coordinated Universal Time),,https://uploads-ssl.webflow.com/605a0d7759eef00cf6446742/63d5c7f8f7e09bafd1321585_61098ae7ca5c0f57110e5fd5_Italy.png,,,false,90
Italy,italy,6506f502ce2d9d36a2bb489d,6506f502ce2d9d36a2bb4b19,false,false,Sun Jan 29 2023 01:12:24 GMT+0000 (Coordinated Universal Time),Sat Oct 12 2024 04:36:35 GMT+0000 (Coordinated Universal Time),Sat Oct 12 2024 04:36:40 GMT+0000 (Coordinated Universal Time),イタリア,https://cdn.prod.website-files.com/605a0d7759eef00cf6446742/63d5c7f8f7e09bafd1321585_61098ae7ca5c0f57110e5fd5_Italy.png,Europe,2,true,91
Japan,japan,6506f502ce2d9d36a2bb489d,6506f502ce2d9d36a2bb4b1a,false,false,Sun Jan 29 2023 01:12:24 GMT+0000 (Coordinated Universal Time),Sun Jan 29 2023 02:51:39 GMT+0000 (Coordinated Universal Time),Sun Sep 17 2023 17:07:36 GMT+0000 (Coordinated Universal Time),日本,https://uploads-ssl.webflow.com/605a0d7759eef00cf6446742/63d5c7f852367711b124dd3e_61098f43eabfa6307c0a0b35_Japan.png,East Asia,20,false,93
Jordan,jordan,6506f502ce2d9d36a2bb489d,6506f502ce2d9d36a2bb4b1c,false,false,Sun Jan 29 2023 01:12:24 GMT+0000 (Coordinated Universal Time),Tue May 20 2025 18:25:15 GMT+0000 (Coordinated Universal Time),Tue Jun 24 2025 03:11:18 GMT+0000 (Coordinated Universal Time),ヨルダン,https://cdn.prod.website-files.com/605a0d7759eef00cf6446742/63d5c7f83933d13ee6703633_61098abfd0824b292635718a_Jordan.png,West Asia,1,true,94
Kazakhstan,kazakhstan,6506f502ce2d9d36a2bb489d,6506f502ce2d9d36a2bb4b1d,false,false,Sun Jan 29 2023 01:12:24 GMT+0000 (Coordinated Universal Time),Sun Jan 29 2023 01:12:24 GMT+0000 (Coordinated Universal Time),Sun Sep 17 2023 17:07:36 GMT+0000 (Coordinated Universal Time),,https://uploads-ssl.webflow.com/605a0d7759eef00cf6446742/63d5c7f89eb1ee7fa86b2ff0_61098f3c513cea2c1d559d3c_Kazakhstan.png,,,false,95
Kenya,kenya,6506f502ce2d9d36a2bb489d,6506f502ce2d9d36a2bb4b1e,false,false,Sun Jan 29 2023 01:12:24 GMT+0000 (Coordinated Universal Time),Thu Aug 22 2024 07:36:00 GMT+0000 (Coordinated Universal Time),Thu Aug 22 2024 07:36:04 GMT+0000 (Coordinated Universal Time),ケニア,https://uploads-ssl.webflow.com/605a0d7759eef00cf6446742/63d5c7f8874a8719c2c95034_61098f33bf0f2e634b727777_Kenya.png,Africa,1,true,96
Kuwait,kuwait,6506f502ce2d9d36a2bb489d,6506f502ce2d9d36a2bb4b20,false,false,Sun Jan 29 2023 01:12:25 GMT+0000 (Coordinated Universal Time),Thu Oct 02 2025 17:40:05 GMT+0000 (Coordinated Universal Time),Thu Oct 30 2025 05:02:02 GMT+0000 (Coordinated Universal Time),クウェート,https://cdn.prod.website-files.com/605a0d7759eef00cf6446742/63d5c7f93dc29b13d1a63007_61098f3e2fdbfc5605839544_Kuwait.png,West Asia,8,true,98
Kyrgyzstan,kyrgyzstan,6506f502ce2d9d36a2bb489d,6506f502ce2d9d36a2bb4b21,false,false,Sun Jan 29 2023 01:12:25 GMT+0000 (Coordinated Universal Time),Sun Jan 29 2023 01:12:25 GMT+0000 (Coordinated Universal Time),Sun Sep 17 2023 17:07:36 GMT+0000 (Coordinated Universal Time),,https://uploads-ssl.webflow.com/605a0d7759eef00cf6446742/63d5c7f9103cc06949355ebb_61098f30b2701492842f1395_Kyrgyzstan.png,,,false,99
Laos,lao-people-s-democratic-republic,6506f502ce2d9d36a2bb489d,6506f502ce2d9d36a2bb4b22,false,false,Sun Jan 29 2023 01:12:25 GMT+0000 (Coordinated Universal Time),Sun Jan 29 2023 01:30:52 GMT+0000 (Coordinated Universal Time),Sun Sep 17 2023 17:07:36 GMT+0000 (Coordinated Universal Time),ラオス,https://uploads-ssl.webflow.com/605a0d7759eef00cf6446742/63d5c7f903886e378ac8f8ae_61098ad5d9be6aa6ba576484_Laos.png,South East Asia,1,true,100
Latvia,latvia,6506f502ce2d9d36a2bb489d,6506f502ce2d9d36a2bb4b23,false,false,Sun Jan 29 2023 01:12:25 GMT+0000 (Coordinated Universal Time),Sat Nov 23 2024 17:50:49 GMT+0000 (Coordinated Universal Time),Sat Nov 23 2024 17:51:35 GMT+0000 (Coordinated Universal Time),ラトビア,https://cdn.prod.website-files.com/605a0d7759eef00cf6446742/63d5c7f93dcdc28b15372cc6_61098ac24ac76372957b62e6_Latvia.png,Europe,1,true,101
Liberia,liberia,6506f502ce2d9d36a2bb489d,6506f502ce2d9d36a2bb4b24,false,false,Sun Jan 29 2023 01:12:26 GMT+0000 (Coordinated Universal Time),Sun Jan 29 2023 01:12:26 GMT+0000 (Coordinated Universal Time),Sun Sep 17 2023 17:07:36 GMT+0000 (Coordinated Universal Time),,https://uploads-ssl.webflow.com/605a0d7759eef00cf6446742/63d5c7fa4561185087707619_61098f3c2401c37c2b672a67_Liberia.png,,,false,104
Libya,libyan-arab-jamahiriya-1,6506f502ce2d9d36a2bb489d,6506f502ce2d9d36a2bb4b25,false,false,Sun Jan 29 2023 01:12:26 GMT+0000 (Coordinated Universal Time),Sun Jan 29 2023 01:12:26 GMT+0000 (Coordinated Universal Time),Sun Sep 17 2023 17:07:36 GMT+0000 (Coordinated Universal Time),,https://uploads-ssl.webflow.com/605a0d7759eef00cf6446742/63d5c7fa0f2204ea7d933852_610988dc241ebdb668b28ed2_Lybia.png,,,false,105
Liechtenstein,liechtenstein,6506f502ce2d9d36a2bb489d,6506f502ce2d9d36a2bb4b26,false,false,Sun Jan 29 2023 01:12:26 GMT+0000 (Coordinated Universal Time),Sun Jan 29 2023 01:12:26 GMT+0000 (Coordinated Universal Time),Sun Sep 17 2023 17:07:36 GMT+0000 (Coordinated Universal Time),,https://uploads-ssl.webflow.com/605a0d7759eef00cf6446742/63d5c7fa03d12aa0f324c93d_61098f40f50d4672e9faab20_Liechtenstein.png,,,false,106
Lithuania,lithuania,6506f502ce2d9d36a2bb489d,6506f502ce2d9d36a2bb4b27,false,false,Sun Jan 29 2023 01:12:26 GMT+0000 (Coordinated Universal Time),Sun Jan 29 2023 01:12:26 GMT+0000 (Coordinated Universal Time),Sun Sep 17 2023 17:07:36 GMT+0000 (Coordinated Universal Time),,https://uploads-ssl.webflow.com/605a0d7759eef00cf6446742/63d5c7fa523677734e24dd41_61098f3dad566cbdd05335fd_Lithuania.png,,,false,107
Luxembourg,luxembourg,6506f502ce2d9d36a2bb489d,6506f502ce2d9d36a2bb4b28,false,false,Sun Jan 29 2023 01:12:26 GMT+0000 (Coordinated Universal Time),Sun Jan 29 2023 01:12:26 GMT+0000 (Coordinated Universal Time),Sun Sep 17 2023 17:07:36 GMT+0000 (Coordinated Universal Time),,https://uploads-ssl.webflow.com/605a0d7759eef00cf6446742/63d5c7fa026df8f64d199318_61098f2bd9025f634f355b7e_Luxemburg.png,,,false,108
Macao,macao,6506f502ce2d9d36a2bb489d,6506f502ce2d9d36a2bb4b29,false,false,Sun Jan 29 2023 01:12:26 GMT+0000 (Coordinated Universal Time),Sun Jan 29 2023 01:12:26 GMT+0000 (Coordinated Universal Time),Sun Sep 17 2023 17:07:36 GMT+0000 (Coordinated Universal Time),,https://uploads-ssl.webflow.com/605a0d7759eef00cf6446742/63d5c7faf7e09b0655321588_61098f32b382cf5eb70c32a5_Macau.png,,,false,109
Madagascar,madagascar,6506f502ce2d9d36a2bb489d,6506f502ce2d9d36a2bb4b2a,false,false,Sun Jan 29 2023 01:12:27 GMT+0000 (Coordinated Universal Time),Sun Jan 29 2023 01:12:27 GMT+0000 (Coordinated Universal Time),Sun Sep 17 2023 17:07:36 GMT+0000 (Coordinated Universal Time),,https://uploads-ssl.webflow.com/605a0d7759eef00cf6446742/63d5c7faf7e09b786c32158b_61098f29f6035f00f598d7a8_Madagasca.png,,,false,110
Malaysia,malaysia,6506f502ce2d9d36a2bb489d,6506f502ce2d9d36a2bb4b2b,false,false,Sun Jan 29 2023 01:12:27 GMT+0000 (Coordinated Universal Time),Thu Oct 02 2025 17:37:10 GMT+0000 (Coordinated Universal Time),Thu Oct 30 2025 05:02:02 GMT+0000 (Coordinated Universal Time),マレーシア,https://cdn.prod.website-files.com/605a0d7759eef00cf6446742/63d5c7fb3dc29b7647a6302f_61098f3508f5184e81832b17_Malaysia.png,South East Asia,25,true,112
Mali,mali,6506f502ce2d9d36a2bb489d,6506f502ce2d9d36a2bb4b2c,false,false,Sun Jan 29 2023 01:12:27 GMT+0000 (Coordinated Universal Time),Sun Jan 29 2023 01:12:27 GMT+0000 (Coordinated Universal Time),Sun Sep 17 2023 17:07:36 GMT+0000 (Coordinated Universal Time),,https://uploads-ssl.webflow.com/605a0d7759eef00cf6446742/63d5c7fbac19916f4ea39b9a_61098f32649bdf513c6d9be1_Mali.png,,,false,114
Mexico,mexico,6506f502ce2d9d36a2bb489d,6506f502ce2d9d36a2bb4b2d,false,false,Sun Jan 29 2023 01:12:27 GMT+0000 (Coordinated Universal Time),Fri Apr 25 2025 05:21:59 GMT+0000 (Coordinated Universal Time),Fri Apr 25 2025 05:21:59 GMT+0000 (Coordinated Universal Time),メキシコ,https://cdn.prod.website-files.com/605a0d7759eef00cf6446742/63d5c7fbd8cef94bf1d458be_61098d50a31792f465af2434_Mexico.png,Europe,4,true,119
Mongolia,mongolia,6506f502ce2d9d36a2bb489d,6506f502ce2d9d36a2bb4b2e,false,false,Sun Jan 29 2023 01:12:27 GMT+0000 (Coordinated Universal Time),Sun Jan 29 2023 01:18:27 GMT+0000 (Coordinated Universal Time),Sun Sep 17 2023 17:07:36 GMT+0000 (Coordinated Universal Time),モンゴル,https://uploads-ssl.webflow.com/605a0d7759eef00cf6446742/63d5c7fb52367705f824dd48_61098d4ffb2f742708482a3a_Mongolia.png,East Asia,1,true,121
Montenegro,montenegro,6506f502ce2d9d36a2bb489d,6506f502ce2d9d36a2bb4b2f,false,false,Sun Jan 29 2023 01:12:27 GMT+0000 (Coordinated Universal Time),Sun Jan 29 2023 01:12:27 GMT+0000 (Coordinated Universal Time),Sun Sep 17 2023 17:07:36 GMT+0000 (Coordinated Universal Time),,https://uploads-ssl.webflow.com/605a0d7759eef00cf6446742/63d5c7fb03d12a113c24c940_61098d586f7589d88e8020a8_Montenegro.png,,,false,122
Morocco,morocco,6506f502ce2d9d36a2bb489d,6506f502ce2d9d36a2bb4b30,false,false,Sun Jan 29 2023 01:12:27 GMT+0000 (Coordinated Universal Time),Sun Jan 29 2023 01:12:27 GMT+0000 (Coordinated Universal Time),Sun Sep 17 2023 17:07:36 GMT+0000 (Coordinated Universal Time),,https://uploads-ssl.webflow.com/605a0d7759eef00cf6446742/63d5c7fbd4b439054a0c4892_61098ac940e6d46f4fd66b70_Morocco.png,,,false,123
Mozambique,mozambique,6506f502ce2d9d36a2bb489d,6506f502ce2d9d36a2bb4b33,false,false,Sun Jan 29 2023 01:12:28 GMT+0000 (Coordinated Universal Time),Sun Jan 29 2023 01:12:28 GMT+0000 (Coordinated Universal Time),Sun Sep 17 2023 17:07:36 GMT+0000 (Coordinated Universal Time),,https://uploads-ssl.webflow.com/605a0d7759eef00cf6446742/63d5c7fc103cc08222355ec2_61098d473d365a8fc7db4ee8_Mozambique.png,,,false,124
Myanmar,myanmar,6506f502ce2d9d36a2bb489d,6506f502ce2d9d36a2bb4b32,false,false,Sun Jan 29 2023 01:12:28 GMT+0000 (Coordinated Universal Time),Sat May 24 2025 18:53:27 GMT+0000 (Coordinated Universal Time),Sat May 24 2025 18:53:27 GMT+0000 (Coordinated Universal Time),ミャンマー,https://cdn.prod.website-files.com/605a0d7759eef00cf6446742/63d5dcfb6f089e1055aa78ed_myanmar.png,South East Asia,44,true,125
Namibia,namibia,6506f502ce2d9d36a2bb489d,6506f502ce2d9d36a2bb4b34,false,false,Sun Jan 29 2023 01:12:28 GMT+0000 (Coordinated Universal Time),Sun Jan 29 2023 01:12:28 GMT+0000 (Coordinated Universal Time),Sun Sep 17 2023 17:07:36 GMT+0000 (Coordinated Universal Time),,https://uploads-ssl.webflow.com/605a0d7759eef00cf6446742/63d5c7fc6841089969ca662e_61098d4cf6035f1980988b44_Namibia.png,,,false,126
Nepal,nepal,6506f502ce2d9d36a2bb489d,6506f502ce2d9d36a2bb4b35,false,false,Sun Jan 29 2023 01:12:28 GMT+0000 (Coordinated Universal Time),Sun Jan 29 2023 01:17:12 GMT+0000 (Coordinated Universal Time),Sun Sep 17 2023 17:07:36 GMT+0000 (Coordinated Universal Time),ネパール,https://uploads-ssl.webflow.com/605a0d7759eef00cf6446742/63d5c7fc9eb1ee683b6b3080_61098accbf0f2e2d076f87e0_Nepal.png,South Asia,1,true,128
Netherlands,netherlands,6506f502ce2d9d36a2bb489d,6506f502ce2d9d36a2bb4b36,false,false,Sun Jan 29 2023 01:12:28 GMT+0000 (Coordinated Universal Time),Fri Jun 27 2025 01:28:52 GMT+0000 (Coordinated Universal Time),Tue Jul 29 2025 11:15:02 GMT+0000 (Coordinated Universal Time),オランダ,https://cdn.prod.website-files.com/605a0d7759eef00cf6446742/63d5c7fcac1991647ea39b9d_61098ae26f670b058f756a7f_Netherlands.png,Europe,3,true,129
New Zealand,new-zealand,6506f502ce2d9d36a2bb489d,6506f502ce2d9d36a2bb4b38,false,false,Sun Jan 29 2023 01:12:28 GMT+0000 (Coordinated Universal Time),Fri Jun 02 2023 18:06:27 GMT+0000 (Coordinated Universal Time),Sun Sep 17 2023 17:07:36 GMT+0000 (Coordinated Universal Time),ニュージーランド,https://uploads-ssl.webflow.com/605a0d7759eef00cf6446742/63d5c7fcf7e09b25ad321596_61098d6ad9025f214234bd00_NewZealand.png,South Asia,1,true,130
Nicaragua,nicaragua,6506f502ce2d9d36a2bb489d,6506f502ce2d9d36a2bb4b37,false,false,Sun Jan 29 2023 01:12:28 GMT+0000 (Coordinated Universal Time),Sun Jan 29 2023 01:12:28 GMT+0000 (Coordinated Universal Time),Sun Sep 17 2023 17:07:36 GMT+0000 (Coordinated Universal Time),,https://uploads-ssl.webflow.com/605a0d7759eef00cf6446742/63d5c7fc6a124b03ad5168f4_61098d45eabfa644f8083867_Nicaragua.png,,,false,131
Niger,niger,6506f502ce2d9d36a2bb489d,6506f502ce2d9d36a2bb4b39,false,false,Sun Jan 29 2023 01:12:29 GMT+0000 (Coordinated Universal Time),Sun Jan 29 2023 01:12:29 GMT+0000 (Coordinated Universal Time),Sun Sep 17 2023 17:07:36 GMT+0000 (Coordinated Universal Time),,https://uploads-ssl.webflow.com/605a0d7759eef00cf6446742/63d5c7fd61dbe7365d7f70d4_61098d624ac763c5747cdba4_Niger.png,,,false,132
Nigeria,nigeria,6506f502ce2d9d36a2bb489d,6506f502ce2d9d36a2bb4b3a,false,false,Sun Jan 29 2023 01:12:29 GMT+0000 (Coordinated Universal Time),Sat Nov 22 2025 23:08:45 GMT+0000 (Coordinated Universal Time),Thu Dec 04 2025 08:00:52 GMT+0000 (Coordinated Universal Time),ナイジェリア,https://cdn.prod.website-files.com/605a0d7759eef00cf6446742/63d5c7fd026df8664c199329_61098ad4bc36a21b5980f1b5_Nigeria.png,Africa,6,true,133
Northern Ireland,northern-ireland,6506f502ce2d9d36a2bb489d,6506f502ce2d9d36a2bb4b3b,false,false,Sun Jan 29 2023 01:12:29 GMT+0000 (Coordinated Universal Time),Sun Jan 29 2023 01:12:29 GMT+0000 (Coordinated Universal Time),Sun Sep 17 2023 17:07:36 GMT+0000 (Coordinated Universal Time),,https://uploads-ssl.webflow.com/605a0d7759eef00cf6446742/63d5c7fd103cc075ce355ef3_61098d5f5bad7fa4aa132d22_NorthernIreland.png,,,false,134
Norway,norway,6506f502ce2d9d36a2bb489d,6506f502ce2d9d36a2bb4b3c,false,false,Sun Jan 29 2023 01:12:29 GMT+0000 (Coordinated Universal Time),Sun Jan 29 2023 01:12:29 GMT+0000 (Coordinated Universal Time),Sun Sep 17 2023 17:07:36 GMT+0000 (Coordinated Universal Time),,https://uploads-ssl.webflow.com/605a0d7759eef00cf6446742/63d5c7fd050b76bd88ab2b19_61098d5987eca663a32d4721_Norway.png,,,false,135
Oman,oman,6506f502ce2d9d36a2bb489d,6506f502ce2d9d36a2bb4b40,false,false,Sun Jan 29 2023 01:12:29 GMT+0000 (Coordinated Universal Time),Sun Jan 29 2023 01:16:49 GMT+0000 (Coordinated Universal Time),Sun Sep 17 2023 17:07:36 GMT+0000 (Coordinated Universal Time),オマーン,https://uploads-ssl.webflow.com/605a0d7759eef00cf6446742/63d5c7fd3933d16ef170367e_61098adcfb2f747d9a46a5bc_Oman.png,West Asia,1,true,137
Pakistan,pakistan,6506f502ce2d9d36a2bb489d,6506f502ce2d9d36a2bb4b3d,false,false,Sun Jan 29 2023 01:12:29 GMT+0000 (Coordinated Universal Time),Wed Mar 26 2025 11:36:22 GMT+0000 (Coordinated Universal Time),Wed Mar 26 2025 11:36:22 GMT+0000 (Coordinated Universal Time),パキスタン,https://cdn.prod.website-files.com/605a0d7759eef00cf6446742/63d5c7fd84ce7a543a028730_61098d491d9c515c806973ff_Pakistan.png,South Asia,4,true,138
Palau,palau,6506f502ce2d9d36a2bb489d,6506f502ce2d9d36a2bb4b3f,false,false,Sun Jan 29 2023 01:12:29 GMT+0000 (Coordinated Universal Time),Sun Jan 29 2023 01:12:29 GMT+0000 (Coordinated Universal Time),Sun Sep 17 2023 17:07:36 GMT+0000 (Coordinated Universal Time),,https://uploads-ssl.webflow.com/605a0d7759eef00cf6446742/63d5c7fd3dc29b2f52a63049_61098d6501f2356e0e7f99b1_Palau.png,,,false,139
Panama,panama,6506f502ce2d9d36a2bb489d,6506f502ce2d9d36a2bb4b3e,false,false,Sun Jan 29 2023 01:12:29 GMT+0000 (Coordinated Universal Time),Sun Jan 29 2023 01:12:29 GMT+0000 (Coordinated Universal Time),Sun Sep 17 2023 17:07:36 GMT+0000 (Coordinated Universal Time),,https://uploads-ssl.webflow.com/605a0d7759eef00cf6446742/63d5c7fd4561186c4f707620_61098d6715a1a4c8f320daa1_Panama.png,,,false,140
Papua New Guinea,papua-new-guinea,6506f502ce2d9d36a2bb489d,6506f502ce2d9d36a2bb4b41,false,false,Sun Jan 29 2023 01:12:30 GMT+0000 (Coordinated Universal Time),Thu Jul 04 2024 09:03:18 GMT+0000 (Coordinated Universal Time),Thu Jul 04 2024 09:03:24 GMT+0000 (Coordinated Universal Time),パプアニューギニア,https://uploads-ssl.webflow.com/605a0d7759eef00cf6446742/63d5c7fd3dc29b1b0ea6304c_61098d567fb00fe1995c6538_PapuaNewGuinea.png,South Asia,1,true,141
Paraguay,paraguay,6506f502ce2d9d36a2bb489d,6506f502ce2d9d36a2bb4b42,false,false,Sun Jan 29 2023 01:12:30 GMT+0000 (Coordinated Universal Time),Sun Jan 29 2023 01:12:30 GMT+0000 (Coordinated Universal Time),Sun Sep 17 2023 17:07:36 GMT+0000 (Coordinated Universal Time),,https://uploads-ssl.webflow.com/605a0d7759eef00cf6446742/63d5c7fe3dc29bb215a63050_61098d69f7e0f82e2021584b_Paraguay.png,,,false,142
Peru,peru,6506f502ce2d9d36a2bb489d,6506f502ce2d9d36a2bb4b43,false,false,Sun Jan 29 2023 01:12:30 GMT+0000 (Coordinated Universal Time),Fri Aug 23 2024 10:20:31 GMT+0000 (Coordinated Universal Time),Fri Aug 23 2024 10:21:55 GMT+0000 (Coordinated Universal Time),ペルー,https://uploads-ssl.webflow.com/605a0d7759eef00cf6446742/63d5c7fe84ce7a9b95028733_61098d4736cc7d7df399fefa_Peru.png,Europe,1,true,143
Philippines,philippines,6506f502ce2d9d36a2bb489d,6506f502ce2d9d36a2bb4b44,false,false,Sun Jan 29 2023 01:12:30 GMT+0000 (Coordinated Universal Time),Sat Nov 22 2025 23:05:55 GMT+0000 (Coordinated Universal Time),Thu Dec 04 2025 08:00:52 GMT+0000 (Coordinated Universal Time),フィリピン,https://cdn.prod.website-files.com/605a0d7759eef00cf6446742/63d5c7fe61dbe75c7f7f70d7_61098d44a38b9fa1f4715a50_Philippines.png,South East Asia,26,true,144
Poland,poland,6506f502ce2d9d36a2bb489d,6506f502ce2d9d36a2bb4b45,false,false,Sun Jan 29 2023 01:12:30 GMT+0000 (Coordinated Universal Time),Sun Jan 29 2023 01:12:30 GMT+0000 (Coordinated Universal Time),Sun Sep 17 2023 17:07:36 GMT+0000 (Coordinated Universal Time),,https://uploads-ssl.webflow.com/605a0d7759eef00cf6446742/63d5c7fe3dcdc29ebd372d06_61098d67ba1bc70611f14787_Poland.png,,,false,145
Portugal,portugal,6506f502ce2d9d36a2bb489d,6506f502ce2d9d36a2bb4b46,false,false,Sun Jan 29 2023 01:12:30 GMT+0000 (Coordinated Universal Time),Tue May 20 2025 18:26:48 GMT+0000 (Coordinated Universal Time),Tue May 20 2025 18:26:48 GMT+0000 (Coordinated Universal Time),ポルトガル,https://cdn.prod.website-files.com/605a0d7759eef00cf6446742/63d5c7feaac0beb7fc34fb22_61098d653244ec9e0252f7a6_Portugal.png,Europe,4,true,146
Puerto Rico,puerto-rico,6506f502ce2d9d36a2bb489d,6506f502ce2d9d36a2bb4b48,false,false,Sun Jan 29 2023 01:12:30 GMT+0000 (Coordinated Universal Time),Sun Jan 29 2023 01:12:30 GMT+0000 (Coordinated Universal Time),Sun Sep 17 2023 17:07:36 GMT+0000 (Coordinated Universal Time),,https://uploads-ssl.webflow.com/605a0d7759eef00cf6446742/63d5c7fed8cef93555d458c9_61098d4a4ac76388707cc392_PeurtoRico.png,,,false,147
Qatar,qatar,6506f502ce2d9d36a2bb489d,6506f502ce2d9d36a2bb4b49,false,false,Sun Jan 29 2023 01:12:31 GMT+0000 (Coordinated Universal Time),Thu Oct 02 2025 17:38:54 GMT+0000 (Coordinated Universal Time),Thu Oct 30 2025 05:02:02 GMT+0000 (Coordinated Universal Time),カタール,https://cdn.prod.website-files.com/605a0d7759eef00cf6446742/63d5c7fe6f089e715aa90805_61098d467ca55b40bb5149ee_Quatar.png,West Asia,5,true,148
South Korea,republic-of-korea,6506f502ce2d9d36a2bb489d,6506f502ce2d9d36a2bb4b4a,false,false,Sun Jan 29 2023 01:12:31 GMT+0000 (Coordinated Universal Time),Thu Oct 02 2025 17:40:52 GMT+0000 (Coordinated Universal Time),Thu Oct 30 2025 05:02:02 GMT+0000 (Coordinated Universal Time),韓国,https://cdn.prod.website-files.com/605a0d7759eef00cf6446742/63d5c7ffac1991de63a39bf2_61098d6c1d9c51c44c699ea9_SouthKorea.png,East Asia,10,true,149
Congo,republic-of-the-congo,6506f502ce2d9d36a2bb489d,6506f502ce2d9d36a2bb4b4b,false,false,Sun Jan 29 2023 01:12:31 GMT+0000 (Coordinated Universal Time),Sun Jan 29 2023 01:12:31 GMT+0000 (Coordinated Universal Time),Sun Sep 17 2023 17:07:36 GMT+0000 (Coordinated Universal Time),,https://uploads-ssl.webflow.com/605a0d7759eef00cf6446742/63d5c7ff6a124b47675168ff_61098d52e4daae10df724100_RepublicoftheCongo.png,,,false,151
Romania,romania,6506f502ce2d9d36a2bb489d,6506f502ce2d9d36a2bb4b4c,false,false,Sun Jan 29 2023 01:12:31 GMT+0000 (Coordinated Universal Time),Fri Apr 25 2025 05:18:48 GMT+0000 (Coordinated Universal Time),Fri Apr 25 2025 05:18:48 GMT+0000 (Coordinated Universal Time),ルーマニア,https://cdn.prod.website-files.com/605a0d7759eef00cf6446742/63d5c7ff61dbe756b77f70da_61098f26e319006b2d5dcb2a_Romania.png,Europe,3,true,152
Rwanda,rwanda,6506f502ce2d9d36a2bb489d,6506f502ce2d9d36a2bb4b4d,false,false,Sun Jan 29 2023 01:12:31 GMT+0000 (Coordinated Universal Time),Sun Jan 29 2023 01:12:31 GMT+0000 (Coordinated Universal Time),Sun Sep 17 2023 17:07:36 GMT+0000 (Coordinated Universal Time),,https://uploads-ssl.webflow.com/605a0d7759eef00cf6446742/63d5c7ff103cc06845355f12_61098ac0ba1bc7fa10efa82b_Rwanda.png,,,false,154
Saudi Arabia,saudi-arabia,6506f502ce2d9d36a2bb489d,6506f502ce2d9d36a2bb4b4e,false,false,Sun Jan 29 2023 01:12:31 GMT+0000 (Coordinated Universal Time),Sat Nov 22 2025 23:06:21 GMT+0000 (Coordinated Universal Time),Thu Dec 04 2025 08:00:52 GMT+0000 (Coordinated Universal Time),サウジアラビア,https://cdn.prod.website-files.com/605a0d7759eef00cf6446742/63d5c7ff61dbe75bcf7f70dd_61098d53d9025f6c2934ade6_SaudiArabia.png,West Asia,26,true,161
Scotland,scotland,6506f502ce2d9d36a2bb489d,6506f502ce2d9d36a2bb4b4f,false,false,Sun Jan 29 2023 01:12:31 GMT+0000 (Coordinated Universal Time),Sun Jan 29 2023 01:12:31 GMT+0000 (Coordinated Universal Time),Sun Sep 17 2023 17:07:36 GMT+0000 (Coordinated Universal Time),,https://uploads-ssl.webflow.com/605a0d7759eef00cf6446742/63d5c7ff874a8783b8c950ea_61098ac5322fb579705c2489_Scotland.png,,,false,162
Senegal,senegal,6506f502ce2d9d36a2bb489d,6506f502ce2d9d36a2bb4b50,false,false,Sun Jan 29 2023 01:12:32 GMT+0000 (Coordinated Universal Time),Sun Jan 29 2023 01:12:32 GMT+0000 (Coordinated Universal Time),Sun Sep 17 2023 17:07:36 GMT+0000 (Coordinated Universal Time),,https://uploads-ssl.webflow.com/605a0d7759eef00cf6446742/63d5c8009eb1ee50da6b30dd_61098d5afb2f740fab483385_Senegal.png,,,false,163
Serbia,serbia,6506f502ce2d9d36a2bb489d,6506f502ce2d9d36a2bb4b51,false,false,Sun Jan 29 2023 01:12:32 GMT+0000 (Coordinated Universal Time),Sun Jan 29 2023 01:12:32 GMT+0000 (Coordinated Universal Time),Sun Sep 17 2023 17:07:36 GMT+0000 (Coordinated Universal Time),,https://uploads-ssl.webflow.com/605a0d7759eef00cf6446742/63d5c8006f089e3b2ca9083d_61098d44a22650d1980f8fb5_Serbia.png,,,false,164
Singapore,singapore,6506f502ce2d9d36a2bb489d,6506f502ce2d9d36a2bb4b52,false,false,Sun Jan 29 2023 01:12:32 GMT+0000 (Coordinated Universal Time),Thu Oct 02 2025 17:40:28 GMT+0000 (Coordinated Universal Time),Thu Oct 30 2025 05:02:02 GMT+0000 (Coordinated Universal Time),シンガポール,https://cdn.prod.website-files.com/605a0d7759eef00cf6446742/63d5c8003dcdc24e36372d0d_61098d68f7e0f8e92521577e_Singapore.png,South East Asia,35,true,167
Slovakia,slovakia,6506f502ce2d9d36a2bb489d,6506f502ce2d9d36a2bb4b53,false,false,Sun Jan 29 2023 01:12:32 GMT+0000 (Coordinated Universal Time),Sun Jan 29 2023 01:12:32 GMT+0000 (Coordinated Universal Time),Sun Sep 17 2023 17:07:36 GMT+0000 (Coordinated Universal Time),,https://uploads-ssl.webflow.com/605a0d7759eef00cf6446742/63d5c800d4b43940550c48d7_61098ac387eca67a772c9ca0_Slovakia.png,,,false,168
Slovenia,slovenia,6506f502ce2d9d36a2bb489d,6506f502ce2d9d36a2bb4b54,false,false,Sun Jan 29 2023 01:12:32 GMT+0000 (Coordinated Universal Time),Sun Jan 29 2023 01:12:32 GMT+0000 (Coordinated Universal Time),Sun Sep 17 2023 17:07:36 GMT+0000 (Coordinated Universal Time),,https://uploads-ssl.webflow.com/605a0d7759eef00cf6446742/63d5c800b0a17e4b45eb4210_61098acec4d235de9b3e84cd_Slovenia.png,,,false,169
South Africa,south-africa,6506f502ce2d9d36a2bb489d,6506f502ce2d9d36a2bb4b55,false,false,Sun Jan 29 2023 01:12:32 GMT+0000 (Coordinated Universal Time),Tue Feb 07 2023 15:35:24 GMT+0000 (Coordinated Universal Time),Sun Sep 17 2023 17:07:36 GMT+0000 (Coordinated Universal Time),南アフリカ,https://uploads-ssl.webflow.com/605a0d7759eef00cf6446742/63d5c800456118ca19707627_61098d61b05b6263ceed1196_SouthAfrica.png,Africa,1,true,172
Spain,spain,6506f502ce2d9d36a2bb489d,6506f502ce2d9d36a2bb4b57,false,false,Sun Jan 29 2023 01:12:32 GMT+0000 (Coordinated Universal Time),Fri Sep 13 2024 10:39:52 GMT+0000 (Coordinated Universal Time),Fri Sep 13 2024 10:40:02 GMT+0000 (Coordinated Universal Time),スペイン,https://cdn.prod.website-files.com/605a0d7759eef00cf6446742/63d5c8009eb1eeb1de6b311c_61098abe36cc7d4a2e987d52_Spain.png,Europe,2,true,173
Sri Lanka,sri-lanka,6506f502ce2d9d36a2bb489d,6506f502ce2d9d36a2bb4b56,false,false,Sun Jan 29 2023 01:12:32 GMT+0000 (Coordinated Universal Time),Fri Apr 25 2025 05:21:37 GMT+0000 (Coordinated Universal Time),Fri Apr 25 2025 05:21:37 GMT+0000 (Coordinated Universal Time),スリランカ,https://cdn.prod.website-files.com/605a0d7759eef00cf6446742/63d5c80061dbe786cd7f70e8_61098acfc440c1054cb024ab_SriLanka.png,South Asia,6,true,174
Swaziland,swaziland,6506f502ce2d9d36a2bb489d,6506f502ce2d9d36a2bb4b58,false,false,Sun Jan 29 2023 01:12:33 GMT+0000 (Coordinated Universal Time),Sun Jan 29 2023 01:12:33 GMT+0000 (Coordinated Universal Time),Sun Sep 17 2023 17:07:36 GMT+0000 (Coordinated Universal Time),,https://uploads-ssl.webflow.com/605a0d7759eef00cf6446742/63d5c80103d12a207924c967_61098ab6da5223ba00573d91_Swaziland.png,,,false,177
Sweden,sweden,6506f502ce2d9d36a2bb489d,6506f502ce2d9d36a2bb4b59,false,false,Sun Jan 29 2023 01:12:33 GMT+0000 (Coordinated Universal Time),Thu Sep 28 2023 05:06:34 GMT+0000 (Coordinated Universal Time),Thu Sep 28 2023 05:06:43 GMT+0000 (Coordinated Universal Time),スウェーデン,https://uploads-ssl.webflow.com/605a0d7759eef00cf6446742/63d5c801aac0be5e8134fb25_61098d5e3ad708cbb588e0a6_Sweden.png,Europe,1,true,178
Switzerland,switzerland,6506f502ce2d9d36a2bb489d,6506f502ce2d9d36a2bb4b5a,false,false,Sun Jan 29 2023 01:12:33 GMT+0000 (Coordinated Universal Time),Sun Jan 29 2023 01:12:33 GMT+0000 (Coordinated Universal Time),Sun Sep 17 2023 17:07:36 GMT+0000 (Coordinated Universal Time),,https://uploads-ssl.webflow.com/605a0d7759eef00cf6446742/63d5c801874a87d00ac950f9_61098d6ca92410f7dd272eea_Switzerland.png,,,false,179
Taiwan,taiwan,6506f502ce2d9d36a2bb489d,6506f502ce2d9d36a2bb4b72,false,false,Sun Jan 29 2023 01:34:51 GMT+0000 (Coordinated Universal Time),Thu Oct 02 2025 17:44:13 GMT+0000 (Coordinated Universal Time),Thu Oct 30 2025 05:02:02 GMT+0000 (Coordinated Universal Time),台湾,https://cdn.prod.website-files.com/605a0d7759eef00cf6446742/63d7679916c8c0841ed4d7a4_Taiwan.png,East Asia,6,true,
Tajikistan,tajikistan,6506f502ce2d9d36a2bb489d,6506f502ce2d9d36a2bb4b5b,false,false,Sun Jan 29 2023 01:12:33 GMT+0000 (Coordinated Universal Time),Sun Jan 29 2023 01:12:33 GMT+0000 (Coordinated Universal Time),Sun Sep 17 2023 17:07:36 GMT+0000 (Coordinated Universal Time),,https://uploads-ssl.webflow.com/605a0d7759eef00cf6446742/63d5c801d8cef957b1d458d3_61098d5387fc21521dce7efe_Tajikistan.png,,,false,181
Thailand,thailand,6506f502ce2d9d36a2bb489d,6506f502ce2d9d36a2bb4b5e,false,false,Sun Jan 29 2023 01:12:33 GMT+0000 (Coordinated Universal Time),Thu Oct 02 2025 17:45:03 GMT+0000 (Coordinated Universal Time),Thu Oct 30 2025 05:02:02 GMT+0000 (Coordinated Universal Time),タイ,https://cdn.prod.website-files.com/605a0d7759eef00cf6446742/63d5c8013dc29b5fefa630bd_61098d604ac76377f77cdb0e_Thailand.png,South East Asia,17,true,182
Congo,the-democratic-republic-of-the-congo,6506f502ce2d9d36a2bb489d,6506f502ce2d9d36a2bb4b5c,false,false,Sun Jan 29 2023 01:12:33 GMT+0000 (Coordinated Universal Time),Sun Jan 29 2023 01:12:33 GMT+0000 (Coordinated Universal Time),Sun Sep 17 2023 17:07:36 GMT+0000 (Coordinated Universal Time),,https://uploads-ssl.webflow.com/605a0d7759eef00cf6446742/63d5c7f3d8cef906a9d458ae_610976acb8d379ce157224eb_DemecraticRepublicoftheCongo.png,,,false,183
Macedonia,the-former-yugoslav-republic-of-macedonia,6506f502ce2d9d36a2bb489d,6506f502ce2d9d36a2bb4b60,false,false,Sun Jan 29 2023 01:12:33 GMT+0000 (Coordinated Universal Time),Sun Jan 29 2023 01:12:33 GMT+0000 (Coordinated Universal Time),Sun Sep 17 2023 17:07:36 GMT+0000 (Coordinated Universal Time),,https://uploads-ssl.webflow.com/605a0d7759eef00cf6446742/63d5c801f7e09b12e03215a2_61098d6bbf8c016d124355f3_Macedonia.png,,,false,184
Timor-Leste,timor-leste,6506f502ce2d9d36a2bb489d,6506f502ce2d9d36a2bb4b5f,false,false,Sun Jan 29 2023 01:12:33 GMT+0000 (Coordinated Universal Time),Sun Jan 29 2023 01:12:33 GMT+0000 (Coordinated Universal Time),Sun Sep 17 2023 17:07:36 GMT+0000 (Coordinated Universal Time),,https://uploads-ssl.webflow.com/605a0d7759eef00cf6446742/63d5c8016841080378ca6681_61098ab5797b8d2a5f4b33a6_Timor-Leste.png,,,false,185
Togo,togo,6506f502ce2d9d36a2bb489d,6506f502ce2d9d36a2bb4b61,false,false,Sun Jan 29 2023 01:12:34 GMT+0000 (Coordinated Universal Time),Sun Jan 29 2023 01:12:34 GMT+0000 (Coordinated Universal Time),Sun Sep 17 2023 17:07:36 GMT+0000 (Coordinated Universal Time),,https://uploads-ssl.webflow.com/605a0d7759eef00cf6446742/63d5c8026a124b74b5516903_61098ac83909619d82e6c1ae_Togo.png,,,false,186
Tonga,tonga,6506f502ce2d9d36a2bb489d,6506f502ce2d9d36a2bb4b62,false,false,Sun Jan 29 2023 01:12:34 GMT+0000 (Coordinated Universal Time),Sun Jan 29 2023 01:12:34 GMT+0000 (Coordinated Universal Time),Sun Sep 17 2023 17:07:36 GMT+0000 (Coordinated Universal Time),,https://uploads-ssl.webflow.com/605a0d7759eef00cf6446742/63d5c80261dbe7c9987f712f_61098adf11284442a93060d6_Tonga.png,,,false,187
Trinidad And Tobago,trinidad-and-tobago,6506f502ce2d9d36a2bb489d,6506f502ce2d9d36a2bb4b63,false,false,Sun Jan 29 2023 01:12:34 GMT+0000 (Coordinated Universal Time),Sun Jan 29 2023 01:12:34 GMT+0000 (Coordinated Universal Time),Sun Sep 17 2023 17:07:36 GMT+0000 (Coordinated Universal Time),,https://uploads-ssl.webflow.com/605a0d7759eef00cf6446742/63d5c802523677aedd24dd71_61098d4efb00800e1f3db6a9_TrinidadAndTobago.png,,,false,188
Tunisia,tunisia,6506f502ce2d9d36a2bb489d,6506f502ce2d9d36a2bb4b64,false,false,Sun Jan 29 2023 01:12:34 GMT+0000 (Coordinated Universal Time),Sun Jan 29 2023 01:12:34 GMT+0000 (Coordinated Universal Time),Sun Sep 17 2023 17:07:36 GMT+0000 (Coordinated Universal Time),,https://uploads-ssl.webflow.com/605a0d7759eef00cf6446742/63d5c802456118a00c70762e_61098d5c64797755e823fbf4_Tunisia.png,,,false,189
Turkey,turkey,6506f502ce2d9d36a2bb489d,6506f502ce2d9d36a2bb4b65,false,false,Sun Jan 29 2023 01:12:34 GMT+0000 (Coordinated Universal Time),Sat Nov 22 2025 23:16:09 GMT+0000 (Coordinated Universal Time),Thu Dec 04 2025 08:00:52 GMT+0000 (Coordinated Universal Time),トルコ,https://cdn.prod.website-files.com/605a0d7759eef00cf6446742/63d5c802d8cef97e4bd458d6_61098ab9c9a82ba22c6ae7d9_Turkey.png,Europe,5,true,190
Turkmenistan,turkmenistan,6506f502ce2d9d36a2bb489d,6506f502ce2d9d36a2bb4b66,false,false,Sun Jan 29 2023 01:12:34 GMT+0000 (Coordinated Universal Time),Sun Jan 29 2023 01:12:34 GMT+0000 (Coordinated Universal Time),Sun Sep 17 2023 17:07:36 GMT+0000 (Coordinated Universal Time),,https://uploads-ssl.webflow.com/605a0d7759eef00cf6446742/63d5c802026df852ac199351_61098d58371b211573c5796d_Turkmenistan.png,,,false,191
Tuvalu,tuvalu,6506f502ce2d9d36a2bb489d,6506f502ce2d9d36a2bb4b67,false,false,Sun Jan 29 2023 01:12:34 GMT+0000 (Coordinated Universal Time),Sun Jan 29 2023 01:12:34 GMT+0000 (Coordinated Universal Time),Sun Sep 17 2023 17:07:36 GMT+0000 (Coordinated Universal Time),,https://uploads-ssl.webflow.com/605a0d7759eef00cf6446742/63d5c802357f4a3b001e29cc_61098ad8286706a523b33198_Tuvalu.png,,,false,192
Uganda,uganda,6506f502ce2d9d36a2bb489d,6506f502ce2d9d36a2bb4b68,false,false,Sun Jan 29 2023 01:12:35 GMT+0000 (Coordinated Universal Time),Sat Mar 18 2023 15:46:24 GMT+0000 (Coordinated Universal Time),Sun Sep 17 2023 17:07:36 GMT+0000 (Coordinated Universal Time),ウガンダ,https://uploads-ssl.webflow.com/605a0d7759eef00cf6446742/63d5c80384ce7a1072028740_61098f27e9317a4693669671_Uganda.png,Africa,1,true,193
Ukraine,ukraine,6506f502ce2d9d36a2bb489d,6506f502ce2d9d36a2bb4b69,false,false,Sun Jan 29 2023 01:12:35 GMT+0000 (Coordinated Universal Time),Sun Jan 29 2023 01:12:35 GMT+0000 (Coordinated Universal Time),Sun Sep 17 2023 17:07:36 GMT+0000 (Coordinated Universal Time),,https://uploads-ssl.webflow.com/605a0d7759eef00cf6446742/63d5c803050b764e0aab2b1d_61098d630daa68b68f1df9a0_Ukraine.png,,,false,194
UAE,united-arab-emirates,6506f502ce2d9d36a2bb489d,6506f502ce2d9d36a2bb4b6a,false,false,Sun Jan 29 2023 01:12:35 GMT+0000 (Coordinated Universal Time),Sat Nov 22 2025 23:07:08 GMT+0000 (Coordinated Universal Time),Thu Dec 04 2025 08:00:52 GMT+0000 (Coordinated Universal Time),UAE,https://cdn.prod.website-files.com/605a0d7759eef00cf6446742/63d5c80303d12a289324c972_61098f2551ef24f86918952c_UnitedArabEmirates.png,West Asia,33,true,196
UK,united-kingdom,6506f502ce2d9d36a2bb489d,6506f502ce2d9d36a2bb4b6b,false,false,Sun Jan 29 2023 01:12:35 GMT+0000 (Coordinated Universal Time),Sat Nov 22 2025 23:05:29 GMT+0000 (Coordinated Universal Time),Thu Dec 04 2025 08:00:52 GMT+0000 (Coordinated Universal Time),UK,https://cdn.prod.website-files.com/605a0d7759eef00cf6446742/63d5c803050b76e981ab2b20_61098ac41128448b2930509b_UnitedKingdom.png,Europe,8,true,195
Tanzania,united-republic-of-tanzania,6506f502ce2d9d36a2bb489d,6506f502ce2d9d36a2bb4b6d,false,false,Sun Jan 29 2023 01:12:35 GMT+0000 (Coordinated Universal Time),Tue May 28 2024 13:13:26 GMT+0000 (Coordinated Universal Time),Tue May 28 2024 13:15:22 GMT+0000 (Coordinated Universal Time),タンザニア,https://uploads-ssl.webflow.com/605a0d7759eef00cf6446742/63d5c803d8cef928edd458d9_61098d4b66e64441c8c0621d_Tanzania.png,Africa,1,true,197
USA,united-states-of-america,6506f502ce2d9d36a2bb489d,6506f502ce2d9d36a2bb4b6c,false,false,Sun Jan 29 2023 01:12:35 GMT+0000 (Coordinated Universal Time),Sat Nov 22 2025 23:09:03 GMT+0000 (Coordinated Universal Time),Thu Dec 04 2025 08:00:52 GMT+0000 (Coordinated Universal Time),USA,https://cdn.prod.website-files.com/605a0d7759eef00cf6446742/63d5c803f7e09b34033215a5_61098d4bfb0080055d3db1d3_UnitedStatesofAmerica.png,Europe,25,true,198
Uruguay,uruguay,6506f502ce2d9d36a2bb489d,6506f502ce2d9d36a2bb4b6e,false,false,Sun Jan 29 2023 01:12:36 GMT+0000 (Coordinated Universal Time),Sun Jan 29 2023 01:12:36 GMT+0000 (Coordinated Universal Time),Sun Sep 17 2023 17:07:36 GMT+0000 (Coordinated Universal Time),,https://uploads-ssl.webflow.com/605a0d7759eef00cf6446742/63d5c803026df8e484199356_61098acb3244ec7a6d5260d3_Uruguay.png,,,false,199
Uzbekistan,uzbekistan,6506f502ce2d9d36a2bb489d,6506f502ce2d9d36a2bb4b6f,false,false,Sun Jan 29 2023 01:12:36 GMT+0000 (Coordinated Universal Time),Sun Jan 29 2023 02:50:58 GMT+0000 (Coordinated Universal Time),Sun Sep 17 2023 17:07:36 GMT+0000 (Coordinated Universal Time),ウズベキスタン,https://uploads-ssl.webflow.com/605a0d7759eef00cf6446742/63d5c8036841083665ca6684_61098d5163679ac44d16a47d_Uzebekistan.png,East Asia,1,true,200
Vietnam,viet-nam,6506f502ce2d9d36a2bb489d,6506f502ce2d9d36a2bb4b70,false,false,Sun Jan 29 2023 01:12:36 GMT+0000 (Coordinated Universal Time),Sat Mar 22 2025 10:30:00 GMT+0000 (Coordinated Universal Time),Sat Mar 22 2025 10:30:00 GMT+0000 (Coordinated Universal Time),ベトナム,https://cdn.prod.website-files.com/605a0d7759eef00cf6446742/63d5c8046f089e6062a90868_61098ab40daa6884ef1b286a_Vietnam.png,South East Asia,366,true,204
Zambia,zambia,6506f502ce2d9d36a2bb489d,6506f502ce2d9d36a2bb4b71,false,false,Sun Jan 29 2023 01:12:36 GMT+0000 (Coordinated Universal Time),Sun Jan 29 2023 01:12:36 GMT+0000 (Coordinated Universal Time),Sun Sep 17 2023 17:07:36 GMT+0000 (Coordinated Universal Time),,https://uploads-ssl.webflow.com/605a0d7759eef00cf6446742/63d5c8049eb1ee4ad86b31d6_61098ae10a6db25f00e0268b_Zambia.png,,,false,208
